"","region","cu_name_dfo","cu_index","species_abbr"
"1","Skeena","Alastair","SEL-20-01","SEL"
"2","Skeena","Ecstall/Lower","SEL-20-04","SEL"
"3","Skeena","Johnston","SEL-20-05","SEL"
"4","Skeena","Kitsumkalum","SEL-20-06","SEL"
"5","Skeena","Lakelse","SEL-20-07","SEL"
"6","Skeena","Aldrich","SEL-20-02","SEL"
"7","Skeena","Dennis","SEL-20-03","SEL"
"8","Skeena","Mcdonell","SEL-20-08","SEL"
"9","Skeena","Babine","SEL-21-02","SEL"
"10","Skeena","Onerka","SEL-21-13","SEL"
"11","Skeena","Bulkley","SEL-21-03","SEL"
"12","Skeena","Maxan","SEL-21-06","SEL"
"13","Skeena","Gitanyow","SEL-21-05","SEL"
"14","Skeena","Atna","SEL-21-01","SEL"
"15","Skeena","Morice","SEL-21-07","SEL"
"16","Skeena","Nilkitkwa","SEL-21-02-LW","SEL"
"17","Skeena","Stephens","SEL-21-09","SEL"
"18","Skeena","Club Lake",NA,"SEL"
"19","Skeena","Swan","SEL-21-10","SEL"
"20","Skeena","Tahlo/Morrison","SEL-21-11","SEL"
"21","Skeena","Asitika","SEL-22-01","SEL"
"22","Skeena","Azuklotz","SEL-22-02","SEL"
"23","Skeena","Bear","SEL-22-03","SEL"
"24","Skeena","Damshilgwit","SEL-22-04","SEL"
"25","Skeena","Johanson","SEL-22-05","SEL"
"26","Skeena","Kluatantan","SEL-22-06","SEL"
"27","Skeena","Kluayaz","SEL-22-07","SEL"
"28","Skeena","Motase","SEL-22-08","SEL"
"29","Skeena","Sicintine","SEL-22-09","SEL"
"30","Skeena","Slamgeesh","SEL-22-10","SEL"
"31","Skeena","Spawning","SEL-22-11","SEL"
"32","Skeena","Sustut","SEL-22-12","SEL"
"33","Skeena","Babine-Pinkut",NA,"SEL"
"34","Skeena","Babine (enhanced)","SEL-21-02-F","SEL"
"35","Skeena","Footsore/Hodder","SEL-21-12","SEL"
"36","Skeena","Skeena River-high interior","SER-19","SER"
"37","Skeena","Skeena River","SER-18","SER"
"38","Skeena","Lower Skeena (odd)","PKO-15","PKO"
"39","Skeena","Middle & Upper Skeena (odd)","PKO-16","PKO"
"40","Skeena","Nass-Skeena Estuary (odd)","PKO-14","PKO"
"41","Skeena","Middle-Upper Skeena (even)","PKE-8","PKE"
"42","Skeena","Nass-Skeena Estuary (even)","PKE-7","PKE"
"43","Skeena","Ecstall","CK-46","CK"
"44","Skeena","Kalum-early timing","CK-49","CK"
"45","Skeena","Kalum-late timing","CK-50","CK"
"46","Skeena","Lower Skeena-CK","CK-48","CK"
"47","Skeena","Upper Skeena-CK","CK-56","CK"
"48","Skeena","Middle Skeena-mainstem tributaries","CK-54","CK"
"49","Skeena","Upper Bulkley River","CK-55","CK"
"50","Skeena","Middle Skeena-large lakes","CK-53","CK"
"51","Skeena","Skeena Estuary-CK","CK-45","CK"
"52","Skeena","Lakelse-CK","CK-51","CK"
"53","Skeena","Zymoetz","CK-80","CK"
"54","Skeena","Sicintine","CK-81","CK"
"55","Skeena","Lower Skeena-CO","CO-32","CO"
"56","Skeena","Middle Skeena-CO","CO-33","CO"
"57","Skeena","Skeena Estuary-CO","CO-31","CO"
"58","Skeena","Upper Skeena-CO","CO-34","CO"
"59","Skeena","Lower Skeena-CM","CM-27","CM"
"60","Skeena","Middle Skeena-CM","CM-28","CM"
"61","Skeena","Skeena Estuary-CM","CM-26","CM"
"62","Skeena","Upper Skeena",NA,"CM"
"63","Skeena","Upper Skeena Headwaters",NA,"SH"
"64","Skeena","Upper Sustut",NA,"SH"
"65","Skeena","Upper Skeena",NA,"SH"
"66","Skeena","Kispiox",NA,"SH"
"67","Skeena","Babine",NA,"SH"
"68","Skeena","Middle Skeena",NA,"SH"
"69","Skeena","Suskwa",NA,"SH"
"70","Skeena","Bulkley",NA,"SH"
"71","Skeena","Skeena Coastal Summers",NA,"SH"
"72","Skeena","Morice",NA,"SH"
"73","Skeena","Skeena Coastal Winters",NA,"SH"
"74","Nass","Clements","SEL-23-01","SEL"
"75","Nass","Leverson","SEL-23-02","SEL"
"76","Nass","Bowser","SEL-24-01","SEL"
"77","Nass","Damdochax","SEL-24-02","SEL"
"78","Nass","Fred Wright","SEL-24-03","SEL"
"79","Nass","Kwinageese","SEL-24-04","SEL"
"80","Nass","Meziadin","SEL-24-05","SEL"
"81","Nass","Oweegee","SEL-24-06","SEL"
"82","Nass","Lower Nass-Portland","SER-20","SER"
"83","Nass","Upper Nass River","SER-21","SER"
"84","Nass","Nass-Portland-Observatory","PKO-17","PKO"
"85","Nass","Upper Nass","PKE-12","PKO"
"86","Nass","Upper Nass","PKO-18","PKE"
"87","Nass","Portland Sound-Observatory Inlet-Lower Nass","CK-57","CK"
"88","Nass","Upper Nass","CK-58","CK"
"89","Nass","Lower Nass","CO-35","CO"
"90","Nass","Upper Nass","CO-36","CO"
"91","Nass","Portland Sound-Observatory Inlet-Portland Canal","CO-37","CO"
"92","Nass","Portland Inlet","CM-30","CM"
"93","Nass","Lower Nass","CM-31","CM"
"94","Nass","Portland Canal-Observatory","CM-32","CM"
"95","Nass","Nass Summer",NA,"SH"
"96","Nass","Nass Winter",NA,"SH"
"97","Central Coast","Long (Sockeye-Lake)","SEL-15-01","SEL"
"98","Central Coast","Owikeno (Sockeye-Lake)","SEL-15-02","SEL"
"99","Central Coast","Wannock[Owikeno] (Sockeye-Lake)","SEL-15-04","SEL"
"100","Central Coast","South Atnarko Lakes (Sockeye-Lake)","SX_528","SEL"
"101","Central Coast","Backland (Sockeye-Lake)","SEL-18-01","SEL"
"102","Central Coast","Soda Creek (Sockeye-Lake)","SEL-18-10","SEL"
"103","Central Coast","Canoona (Sockeye-Lake)","SEL-18-02","SEL"
"104","Central Coast","Dome (Sockeye-Lake)","SEL-18-03","SEL"
"105","Central Coast","Evelyn (Sockeye-Lake)","SEL-18-04","SEL"
"106","Central Coast","Kainet Creek (Sockeye-Lake)","SEL-18-05","SEL"
"107","Central Coast","Kimsquit (Sockeye-Lake)","SEL-18-06","SEL"
"108","Central Coast","Kitkiata (Sockeye-Lake)","SEL-18-07","SEL"
"109","Central Coast","Kitlope (Sockeye-Lake)","SEL-18-08","SEL"
"110","Central Coast","Pine River (Sockeye-Lake)","SEL-18-09","SEL"
"111","Central Coast","Banks (Sockeye-Lake)","SEL-19-01","SEL"
"112","Central Coast","Bloomfield (Sockeye-Lake)","SEL-19-02","SEL"
"113","Central Coast","Bolton Creek (Sockeye-Lake)","SEL-19-03","SEL"
"114","Central Coast","Bonilla (Sockeye-Lake)","SEL-19-04","SEL"
"115","Central Coast","Borrowman Creek (Sockeye-Lake)","SEL-19-05","SEL"
"116","Central Coast","Busey Creek (Sockeye-Lake)","SEL-19-06","SEL"
"117","Central Coast","Cartwright Creek (Sockeye-Lake)","SEL-19-07","SEL"
"118","Central Coast","Chic Chic (Sockeye-Lake)","SEL-19-08","SEL"
"119","Central Coast","Citeyats (Sockeye-Lake)","SEL-19-09","SEL"
"120","Central Coast","Fannie Cove (Sockeye-Lake)","SEL-19-10","SEL"
"121","Central Coast","Curtis Inlet (Sockeye-Lake)","SEL-19-11","SEL"
"122","Central Coast","Dallain Creek (Sockeye-Lake)","SEL-19-12","SEL"
"123","Central Coast","Deer (Sockeye-Lake)","SEL-19-13","SEL"
"124","Central Coast","Devon (Sockeye-Lake)","SEL-19-14","SEL"
"125","Central Coast","Douglas Creek (Sockeye-Lake)","SEL-19-15","SEL"
"126","Central Coast","Elizabeth (Sockeye-Lake)","SEL-19-16","SEL"
"127","Central Coast","Elsie/Hoy (Sockeye-Lake)","SEL-19-17","SEL"
"128","Central Coast","End Hill Creek (Sockeye-Lake)","SEL-19-18","SEL"
"129","Central Coast","Evinrude Inlet (Sockeye-Lake)","SEL-19-19","SEL"
"130","Central Coast","Freeda (Sockeye-Lake)","SEL-19-20","SEL"
"131","Central Coast","Hartley Bay (Sockeye-Lake)","SEL-19-21","SEL"
"132","Central Coast","Hevenor Inlet (Sockeye-Lake)","SEL-19-22","SEL"
"133","Central Coast","Higgins Lagoon (Sockeye-Lake)","SEL-19-23","SEL"
"134","Central Coast","Kadjusdis River (Sockeye-Lake)","SEL-19-24","SEL"
"135","Central Coast","Kdelmashan Creek (Sockeye-Lake)","SEL-19-25","SEL"
"136","Central Coast","Keecha (Sockeye-Lake)","SEL-19-26","SEL"
"137","Central Coast","Kent Inlet Lagoon Creek (Sockeye-Lake)","SEL-19-27","SEL"
"138","Central Coast","Kenzuwash Creeks (Sockeye-Lake)","SEL-19-28","SEL"
"139","Central Coast","Keswar Creek (Sockeye-Lake)","SEL-19-29","SEL"
"140","Central Coast","Kildidt Creek (Sockeye-Lake)","SEL-19-30","SEL"
"141","Central Coast","Kildidt Lagoon Creek (Sockeye-Lake)","SEL-19-31","SEL"
"142","Central Coast","Kisameet (Sockeye-Lake)","SEL-19-32","SEL"
"143","Central Coast","Koeye (Sockeye-Lake)","SEL-19-33","SEL"
"144","Central Coast","Kooryet (Sockeye-Lake)","SEL-19-34","SEL"
"145","Central Coast","Kunsoot River (Sockeye-Lake)","SEL-19-35","SEL"
"146","Central Coast","Kwakwa Creek (Sockeye-Lake)","SEL-19-36","SEL"
"147","Central Coast","Lewis Creek (Sockeye-Lake)","SEL-19-37","SEL"
"148","Central Coast","Limestone Creek (Sockeye-Lake)","SEL-19-38","SEL"
"149","Central Coast","Lowe/Simpson/Weir (Sockeye-Lake)","SEL-19-39","SEL"
"150","Central Coast","Mary Cove Creek (Sockeye-Lake)","SEL-19-40","SEL"
"151","Central Coast","Mcdonald Creek (Sockeye-Lake)","SEL-19-41","SEL"
"152","Central Coast","Mcloughlin (Sockeye-Lake)","SEL-19-42","SEL"
"153","Central Coast","Mikado (Sockeye-Lake)","SEL-19-43","SEL"
"154","Central Coast","Monckton Inlet Creek (Sockeye-Lake)","SEL-19-44","SEL"
"155","Central Coast","Namu (Sockeye-Lake)","SEL-19-45","SEL"
"156","Central Coast","Port John (Sockeye-Lake)","SEL-19-46","SEL"
"157","Central Coast","Powles Creek (Sockeye-Lake)","SEL-19-47","SEL"
"158","Central Coast","Price Creek (Sockeye-Lake)","SEL-19-48","SEL"
"159","Central Coast","Roderick (Sockeye-Lake)","SEL-19-50","SEL"
"160","Central Coast","Ryan Creek (Sockeye-Lake)","SEL-19-51","SEL"
"161","Central Coast","Salter (Sockeye-Lake)","SEL-19-52","SEL"
"162","Central Coast","Scoular/Kilpatrick (Sockeye-Lake)","SEL-19-53","SEL"
"163","Central Coast","Sheneeza Inlet (Sockeye-Lake)","SEL-19-55","SEL"
"164","Central Coast","Ship Point Creek (Sockeye-Lake)","SEL-19-56","SEL"
"165","Central Coast","Spencer Creek (Sockeye-Lake)","SEL-19-57","SEL"
"166","Central Coast","Stannard Creek (Sockeye-Lake)","SEL-19-58","SEL"
"167","Central Coast","Talamoosa Creek (Sockeye-Lake)","SEL-19-59","SEL"
"168","Central Coast","Tankeeah River (Sockeye-Lake)","SEL-19-60","SEL"
"169","Central Coast","Treneman Creek (Sockeye-Lake)","SEL-19-61","SEL"
"170","Central Coast","Tsimtack/Moore/Roger (Sockeye-Lake)","SEL-19-62","SEL"
"171","Central Coast","Tuno Creek East (Sockeye-Lake)","SEL-19-63","SEL"
"172","Central Coast","Tuno Creek West (Sockeye-Lake)","SEL-19-64","SEL"
"173","Central Coast","Tyler Creek (Sockeye-Lake)","SEL-19-65","SEL"
"174","Central Coast","Wale Creek (Sockeye-Lake)","SEL-19-66","SEL"
"175","Central Coast","Watt Bay (Sockeye-Lake)","SEL-19-67","SEL"
"176","Central Coast","West Creek (Sockeye-Lake)","SEL-19-68","SEL"
"177","Central Coast","Yaaklele Lagoon (Sockeye-Lake)","SEL-19-69","SEL"
"178","Central Coast","Yeo (Sockeye-Lake)","SEL-19-70","SEL"
"179","Central Coast","Rivers-Smith Inlets (Sockeye-River)","SER-12","SER"
"180","Central Coast","Northern Coastal Fjords (Sockeye-River)","SER-16","SER"
"181","Central Coast","Northn Coastal Streams (Sockeye-River)","SER-17","SER"
"182","Central Coast","Homathko-Klinaklini-Smith-Rivers-Bella Coola-Dean (Pink-Odd Year)","PKO-8","PKO"
"183","Central Coast","Hecate Strait-Lowlands (Pink-Odd Year)","PKO-12","PKO"
"184","Central Coast","Hecate Strait-Fjords (Pink-Odd Year)","PKO-13","PKO"
"185","Central Coast","Hecate Lowlands (Pink-Even Year)","PKE-5","PKE"
"186","Central Coast","Hecate Strait-Fjords (Pink-Even Year)","PKE-6","PKE"
"187","Central Coast","Docee (Chinook)","CK-36","CK"
"188","Central Coast","Rivers Inlet (Chinook)","CK-37","CK"
"189","Central Coast","Wannock (Chinook)","CK-38","CK"
"190","Central Coast","Bella Coola-Bentinck (Chinook)","CK-39","CK"
"191","Central Coast","Dean River (Chinook)","CK-40","CK"
"192","Central Coast","North & Central Coast-late timing (Chinook)","CK-41","CK"
"193","Central Coast","North & Central Coast-early timing (Chinook)","CK-42","CK"
"194","Central Coast","Smith Inlet (Coho)","CO-20","CO"
"195","Central Coast","Rivers Inlet (Coho)","CO-21","CO"
"196","Central Coast","Bella Coola-Dean Rivers (Coho)","CO-22","CO"
"197","Central Coast","Mussel-Kynoch (Coho)","CO-26","CO"
"198","Central Coast","Hecate Strait Mainland (Coho)","CO-27","CO"
"199","Central Coast","Brim-Wahoo (Coho)","CO-28","CO"
"200","Central Coast","Douglas Channel-Kitimat Arm (Coho)","CO-29","CO"
"201","Central Coast","Northern Coastal Streams (Coho)","CO-30","CO"
"202","Central Coast","Smith Inlet (Chum)","CM-12","CM"
"203","Central Coast","Rivers Inlet (Chum)","CM-13","CM"
"204","Central Coast","Wannock (Chum)","CM-14","CM"
"205","Central Coast","Spiller-Fitz-Hugh-Burke (Chum)","CM-15","CM"
"206","Central Coast","Bella Coola-Dean Rivers (Chum)","CM-16","CM"
"207","Central Coast","Bella Coola River-Late (Chum)","CM-17","CM"
"208","Central Coast","Hecate Lowlands (Chum)","CM-18","CM"
"209","Central Coast","Mussel-Kynock (Chum)","CM-19","CM"
"210","Central Coast","Douglas-Gardner (Chum)","CM-20","CM"
"211","Central Coast","North Coast Winter",NA,"SH"
"212","Central Coast","North Coast Summer",NA,"SH"
"213","Central Coast","Central Coast Winter",NA,"SH"
"214","Central Coast","Transition Summer",NA,"SH"
"215","Fraser","Chilliwack_Early Summer","SEL-03-01","SEL"
"216","Fraser","Cultus_Late","SEL-03-02","SEL"
"217","Fraser","Harrison-downstream migrating_Late","SEL-03-03","SEL"
"218","Fraser","Harrison-upstream migrating_Late","SEL-03-04","SEL"
"219","Fraser","Pitt_Early Summer","SEL-03-05","SEL"
"220","Fraser","Lillooet/Harrison_Late","SEL-04-01","SEL"
"221","Fraser","Nahatlatch_Early Summer","SEL-05-02","SEL"
"222","Fraser","Anderson/Seton_Early Summer","SEL-06-01","SEL"
"223","Fraser","Chilko_Early Summer","SEL-06-02","SEL"
"224","Fraser","Chilko_Summer","SEL-06-03","SEL"
"225","Fraser","Francois/Fraser_Summer","SEL-06-07","SEL"
"226","Fraser","Nadina/Francois_Early Summer <<Extinct>>","SEL-06-20","SEL"
"227","Fraser","Quesnel_Summer","SEL-06-10","SEL"
"228","Fraser","Seton_Late","SEL-06-11","SEL"
"229","Fraser","Takla/Trembleur/Stuart_Summer","SEL-06-13","SEL"
"230","Fraser","Takla/Trembleur_Early Stuart","SEL-06-14","SEL"
"231","Fraser","Taseko_Early Summer","SEL-06-16","SEL"
"232","Fraser","Bowron_Early Summer","SEL-07-01","SEL"
"233","Fraser","Shuswap_Early Summer","SEL-09-02","SEL"
"234","Fraser","Shuswap_Late","SEL-09-03","SEL"
"235","Fraser","Kamloops_Early Summer","SEL-10-01","SEL"
"236","Fraser","Adams and Momich Lakes_Early Summer <<Extinct>>","SEL-09-xx","SEL"
"237","Fraser","North Barriere_Early Summer <<de novo>>","SEL-10-03","SEL"
"238","Fraser","Fraser_Early Summer<<Extinct>>","SEL-06-06","SEL"
"239","Fraser","Alouette - Early Summer <<Extinct>>",NA,"SEL"
"240","Fraser","Coquitlam – Early Summer <<Extinct>>",NA,"SEL"
"241","Fraser","Kawkawa – Late <<Extinct>>",NA,"SEL"
"242","Fraser","Seton - Summer <<Extinct>>",NA,"SEL"
"243","Fraser","Adams - Early Summer <<Extinct>>",NA,"SEL"
"244","Fraser","Momich - Early Summer <<Extinct>>",NA,"SEL"
"245","Fraser","North Barriere - Early Summer <<Extinct>>",NA,"SEL"
"246","Fraser","Widgeon","SER-02","SER"
"247","Fraser","Harrison River","SER-03","SER"
"248","Fraser","Fraser River","PKO-1","PKO"
"249","Fraser","CK002-Boundary Bay_FA_0.3","CK-2","CK"
"250","Fraser","CK003-Lower Fraser River_FA_0.3","CK-3","CK"
"251","Fraser","CK004-Lower Fraser River_SP_1.3","CK-4","CK"
"252","Fraser","CK005-Lower Fraser River-Upper Pitt_SU_1.3","CK-5","CK"
"253","Fraser","CK006-Lower Fraser River_SU_1.3","CK-6","CK"
"254","Fraser","CK007-Maria Slough_SU_0.3","CK-7","CK"
"255","Fraser","CK008-Middle Fraser-Fraser Canyon_SP_1.3","CK-8","CK"
"256","Fraser","CK009-Middle Fraser River-Portage_FA_1.3","CK-9","CK"
"257","Fraser","CK010-Middle Fraser River_SP_1.3","CK-10","CK"
"258","Fraser","CK011-Middle Fraser River_SU_1.3","CK-11","CK"
"259","Fraser","CK012-Upper Fraser River_SP_1.3","CK-12","CK"
"260","Fraser","CK013-South Thompson_SU_0.3","CK-13","CK"
"261","Fraser","CK014-South Thompson_SU_1.3","CK-14","CK"
"262","Fraser","CK015-Shuswap River_SU_0.3","CK-15","CK"
"263","Fraser","CK016-South Thompson-Bessette Creek_SU_1.2","CK-16","CK"
"264","Fraser","CK017-Lower Thompson_SP_1.2","CK-17","CK"
"265","Fraser","CK018-North Thompson_SP_1.3","CK-18","CK"
"266","Fraser","CK019-North Thompson_SU_1.3","CK-19","CK"
"267","Fraser","CK082-Upper Adams River_SU_x.x","CK-82","CK"
"268","Fraser","Lillooet","CO-4","CO"
"269","Fraser","Fraser Canyon","CO-5","CO"
"270","Fraser","Lower Thompson","CO-7","CO"
"271","Fraser","South Thompson","CO-8","CO"
"272","Fraser","North Thompson","CO-9","CO"
"273","Fraser","Interior Fraser","CO-48","CO"
"274","Fraser","Lower Fraser","CO-47","CO"
"275","Fraser","Boundary Bay","CO-1","CO"
"276","Fraser","Lower Fraser","CM-2","CM"
"277","Fraser","Mid Fraser Summer",NA,"SH"
"278","Fraser","Thompson Summer",NA,"SH"
"279","Fraser","Lower Fraser Winter",NA,"SH"
"280","Fraser","Fraser Canyon Summer",NA,"SH"
"281","Fraser","Lower Fraser Summer",NA,"SH"
"282","Fraser","Boundary Bay Winter",NA,"SH"
"283","Vancouver Island & Mainland Inlets","Fulmore","SEL-11-01","SEL"
"284","Vancouver Island & Mainland Inlets","Heydon","SEL-11-02","SEL"
"285","Vancouver Island & Mainland Inlets","Kakweiken","SEL-11-03","SEL"
"286","Vancouver Island & Mainland Inlets","Loose","SEL-11-04","SEL"
"287","Vancouver Island & Mainland Inlets","Mackenzie","SEL-11-05","SEL"
"288","Vancouver Island & Mainland Inlets","Phillips","SEL-11-06","SEL"
"289","Vancouver Island & Mainland Inlets","Sakinaw","SEL-11-07","SEL"
"290","Vancouver Island & Mainland Inlets","Tzoonie","SEL-11-09","SEL"
"291","Vancouver Island & Mainland Inlets","Ida/Bonanza","SEL-12-01","SEL"
"292","Vancouver Island & Mainland Inlets","Nahwitti","SEL-12-02","SEL"
"293","Vancouver Island & Mainland Inlets","Nimpkish","SEL-12-03","SEL"
"294","Vancouver Island & Mainland Inlets","Quatse","SEL-12-05","SEL"
"295","Vancouver Island & Mainland Inlets","Schoen","SEL-12-06","SEL"
"296","Vancouver Island & Mainland Inlets","Shushartie","SEL-12-07","SEL"
"297","Vancouver Island & Mainland Inlets","Woss","SEL-12-08","SEL"
"298","Vancouver Island & Mainland Inlets","Alice","SEL-13-01","SEL"
"299","Vancouver Island & Mainland Inlets","Canoe Creek","SEL-13-02","SEL"
"300","Vancouver Island & Mainland Inlets","Cecilia","SEL-13-03","SEL"
"301","Vancouver Island & Mainland Inlets","Cheewat","SEL-13-04","SEL"
"302","Vancouver Island & Mainland Inlets","Clayoquot","SEL-13-05","SEL"
"303","Vancouver Island & Mainland Inlets","Deserted","SEL-13-06","SEL"
"304","Vancouver Island & Mainland Inlets","Fairy","SEL-13-07","SEL"
"305","Vancouver Island & Mainland Inlets","Great Central","SEL-13-08","SEL"
"306","Vancouver Island & Mainland Inlets","Henderson","SEL-13-09","SEL"
"307","Vancouver Island & Mainland Inlets","Hesquiat","SEL-13-10","SEL"
"308","Vancouver Island & Mainland Inlets","Hobiton","SEL-13-11","SEL"
"309","Vancouver Island & Mainland Inlets","Jansen","SEL-13-12","SEL"
"310","Vancouver Island & Mainland Inlets","Kanim","SEL-13-13","SEL"
"311","Vancouver Island & Mainland Inlets","Kennedy","SEL-13-14","SEL"
"312","Vancouver Island & Mainland Inlets","Maggie","SEL-13-15","SEL"
"313","Vancouver Island & Mainland Inlets","Megin","SEL-13-16","SEL"
"314","Vancouver Island & Mainland Inlets","Muchalat","SEL-13-17","SEL"
"315","Vancouver Island & Mainland Inlets","Muriel","SEL-13-18","SEL"
"316","Vancouver Island & Mainland Inlets","Nitinat","SEL-13-19","SEL"
"317","Vancouver Island & Mainland Inlets","O'Connell","SEL-13-20","SEL"
"318","Vancouver Island & Mainland Inlets","Park River","SEL-13-22","SEL"
"319","Vancouver Island & Mainland Inlets","Power","SEL-13-23","SEL"
"320","Vancouver Island & Mainland Inlets","Sproat","SEL-13-25","SEL"
"321","Vancouver Island & Mainland Inlets","William/Brink","SEL-13-26","SEL"
"322","Vancouver Island & Mainland Inlets","Vernon","SEL-12-09","SEL"
"323","Vancouver Island & Mainland Inlets","Southern Fjords","SER-09","SER"
"324","Vancouver Island & Mainland Inlets","West Vancouver Island","SER-10","SER"
"325","Vancouver Island & Mainland Inlets","East Vancouver Island and Georgia Strait","SER-08","SER"
"326","Vancouver Island & Mainland Inlets","NW Vancouver Island","SER-11","SER"
"327","Vancouver Island & Mainland Inlets","East Howe Sound-Burrard Inlet","PKO-2","PKO"
"328","Vancouver Island & Mainland Inlets","Georgia Strait","PKO-3","PKO"
"329","Vancouver Island & Mainland Inlets","East Vancouver Island-Johnstone Strait","PKO-4","PKO"
"330","Vancouver Island & Mainland Inlets","Nahwitti","PKO-5","PKO"
"331","Vancouver Island & Mainland Inlets","West Vancouver Island","PKO-6","PKO"
"332","Vancouver Island & Mainland Inlets","Southern Fjords","PKO-7","PKO"
"333","Vancouver Island & Mainland Inlets","Georgia Strait","PKE-1","PKE"
"334","Vancouver Island & Mainland Inlets","West Vancouver Island","PKE-2","PKE"
"335","Vancouver Island & Mainland Inlets","Northwest Vancouver Island","PKE-3","PKE"
"336","Vancouver Island & Mainland Inlets","Southern Fjords","PKE-4","PKE"
"337","Vancouver Island & Mainland Inlets","CK020-Southern Mainland-Georgia Strait_FA_0.x","CK-20","CK"
"338","Vancouver Island & Mainland Inlets","CK021-East Vancouver Island-Goldstream_FA_0.x","CK-21","CK"
"339","Vancouver Island & Mainland Inlets","CK022-East Vancouver Island-Cowichan and Koksilah_FA_0.x","CK-22","CK"
"340","Vancouver Island & Mainland Inlets","CK023-East Vancouver Island-Nanaimo_SP_1.x","CK-23","CK"
"341","Vancouver Island & Mainland Inlets","CK025-East Vancouver Island-Nanaimo and Chemainus_FA_0.x","CK-25","CK"
"342","Vancouver Island & Mainland Inlets","CK027-East Vancouver Island-Qualicum and Puntledge_FA_0.x","CK-27","CK"
"343","Vancouver Island & Mainland Inlets","CK028-Southern Mainland-Southern Fjords_FA_0.x","CK-28","CK"
"344","Vancouver Island & Mainland Inlets","CK029-East Vancouver Island-North_FA_0.x","CK-29","CK"
"345","Vancouver Island & Mainland Inlets","CK031-West Vancouver Island-South_FA_0.x","CK-31","CK"
"346","Vancouver Island & Mainland Inlets","CK032-West Vancouver Island-Nootka and Kyuquot_FA_0.x","CK-32","CK"
"347","Vancouver Island & Mainland Inlets","CK033-West Vancouver Island-North_FA_0.x","CK-33","CK"
"348","Vancouver Island & Mainland Inlets","CK034-Homathko_SU_x.x","CK-34","CK"
"349","Vancouver Island & Mainland Inlets","CK035-Klinaklini_SU_1.3","CK-35","CK"
"350","Vancouver Island & Mainland Inlets","CK083-East Vancouver Island-Georgia Strait_SU_0.3","CK-83","CK"
"351","Vancouver Island & Mainland Inlets","Howe Sound-Burrard Inlet","CO-10","CO"
"352","Vancouver Island & Mainland Inlets","Georgia Strait Mainland","CO-11","CO"
"353","Vancouver Island & Mainland Inlets","Southern Coastal Streams-Queen Charlotte Strait-Johnstone Strait-Southern Fjords","CO-12","CO"
"354","Vancouver Island & Mainland Inlets","East Vancouver Island-Georgia Strait","CO-13","CO"
"355","Vancouver Island & Mainland Inlets","East Vancouver Island-Johnstone Strait-Southern Fjords","CO-14","CO"
"356","Vancouver Island & Mainland Inlets","Nahwitti Lowland","CO-15","CO"
"357","Vancouver Island & Mainland Inlets","Juan de Fuca-Pachena","CO-16","CO"
"358","Vancouver Island & Mainland Inlets","West Vancouver Island","CO-17","CO"
"359","Vancouver Island & Mainland Inlets","Clayoquot","CO-18","CO"
"360","Vancouver Island & Mainland Inlets","Homathko-Klinaklini Rivers","CO-19","CO"
"361","Vancouver Island & Mainland Inlets","Southern Coastal Streams","CM-8","CM"
"362","Vancouver Island & Mainland Inlets","Bute Inlet","CM-7","CM"
"363","Vancouver Island & Mainland Inlets","Loughborough","CM-6","CM"
"364","Vancouver Island & Mainland Inlets","Northeast Vancouver Island","CM-5","CM"
"365","Vancouver Island & Mainland Inlets","Georgia Strait","CM-4","CM"
"366","Vancouver Island & Mainland Inlets","Howe Sound-Burrard Inlet","CM-3","CM"
"367","Vancouver Island & Mainland Inlets","Northwest Vancouver Island","CM-11","CM"
"368","Vancouver Island & Mainland Inlets","Southwest & West  Vancouver Island","CM-10","CM"
"369","Vancouver Island & Mainland Inlets","Upper Knight","CM-9","CM"
"370","Vancouver Island & Mainland Inlets","South Coast Winter",NA,"SH"
"371","Vancouver Island & Mainland Inlets","East Vancouver Island Winter",NA,"SH"
"372","Vancouver Island & Mainland Inlets","West Vancouver Island Winter",NA,"SH"
"373","Vancouver Island & Mainland Inlets","South Coast Summer",NA,"SH"
"374","Vancouver Island & Mainland Inlets","West Vancouver Island Summer",NA,"SH"
"375","Vancouver Island & Mainland Inlets","East Vancouver Island Summer",NA,"SH"
"376","Haida Gwaii","Ain/Skundale/Ian","SEL-17-01","SEL"
"377","Haida Gwaii","Awun","SEL-17-02","SEL"
"378","Haida Gwaii","Fairfax","SEL-17-03","SEL"
"379","Haida Gwaii","Jalun","SEL-17-04","SEL"
"380","Haida Gwaii","Marian/Eden","SEL-17-05","SEL"
"381","Haida Gwaii","Mathers","SEL-17-06","SEL"
"382","Haida Gwaii","Mercer","SEL-17-07","SEL"
"383","Haida Gwaii","Skidegate","SEL-17-08","SEL"
"384","Haida Gwaii","Yakoun","SEL-17-09","SEL"
"385","Haida Gwaii","Marie","SEL-17-10","SEL"
"386","Haida Gwaii","East Haida Gwaii","SER-13","SER"
"387","Haida Gwaii","North Haida Gwaii","SER-15","SER"
"388","Haida Gwaii","West Haida Gwaii","SER-14","SER"
"389","Haida Gwaii","East Haida Gwaii","PKO-9","PKO"
"390","Haida Gwaii","North Haida Gwaii","PKO-10","PKO"
"391","Haida Gwaii","West Haida Gwaii","PKO-11","PKO"
"392","Haida Gwaii","North Haida Gwaii","PKE-9","PKE"
"393","Haida Gwaii","East Haida Gwaii","PKE-10","PKE"
"394","Haida Gwaii","West Haida Gwaii","PKE-11","PKE"
"395","Haida Gwaii","Haida Gwaii-North","CK-43","CK"
"396","Haida Gwaii","Haida Gwaii-East","CK-44","CK"
"397","Haida Gwaii","Haida Gwaii-East","CO-23","CO"
"398","Haida Gwaii","Haida Gwaii-West","CO-24","CO"
"399","Haida Gwaii","Haida Gwaii-Graham Island Lowlands","CO-25","CO"
"400","Haida Gwaii","North Haida Gwaii-Stanley Creek","CM-25","CM"
"401","Haida Gwaii","East HG","CM-21","CM"
"402","Haida Gwaii","North Haida Gwaii","CM-24","CM"
"403","Haida Gwaii","West Haida Gwaii","CM-23","CM"
"404","Haida Gwaii","Skidegate","CM-22","CM"
"405","Haida Gwaii","Haida Gwaii Winter",NA,"SH"
"406","Columbia","Osoyoos","SEL-01-01","SEL"
"407","Columbia","CK001-Okanagan_1.x","CK-1","CK"
"408","Columbia","Mid Columbia Summer",NA,"SH"
"409","Yukon","Big Salmon","CK-70","CK"
"410","Yukon","Nordenskiold","CK-71","CK"
"411","Yukon","Pelly","CK-72","CK"
"412","Yukon","Middle Yukon River and tributaries","CK-73","CK"
"413","Yukon","Stewart","CK-74","CK"
"414","Yukon","White and tributaries","CK-75","CK"
"415","Yukon","Northern Yukon River and tributaries","CK-76","CK"
"416","Yukon","Salmon Fork","CK-77","CK"
"417","Yukon","Porcupine (Chinook)","CK-78","CK"
"418","Yukon","Old Crow","CK-79","CK"
"419","Yukon","Upper Yukon River","CK-69","CK"
"420","Yukon","Yukon River-Teslin headwaters","CK-68","CK"
"421","Yukon","Porcupine River (coho)","CO-46","CO"
"422","Yukon","Middle Yukon","CM-42","CM"
"423","Yukon","N Yukon River","CM-43","CM"
"424","Yukon","White","CM-44","CM"
"425","Yukon","Donjek Kluane","CM-45","CM"
"426","Yukon","Porcupine River (chum)","CM-46","CM"
"427","Yukon","Stewart","CM-48","CM"
"428","Yukon","Teslin","CM-38","CM"
"429","Transboundary","Border","SEL-25-01","SEL"
"430","Transboundary","Christina","SEL-26-01","SEL"
"431","Transboundary","Tahltan","SEL-26-02","SEL"
"432","Transboundary","Kuthai","SEL-28-01","SEL"
"433","Transboundary","Little Trapper","SEL-28-02","SEL"
"434","Transboundary","Tatsamenie","SEL-28-03","SEL"
"435","Transboundary","Blanchard","SEL-30-01","SEL"
"436","Transboundary","King Salmon","SEL-28-05","SEL"
"437","Transboundary","Chutine","SEL-26-03","SEL"
"438","Transboundary","Whiting","SEL-27-01","SEL"
"439","Transboundary","Klukshu","SEL-30-02","SEL"
"440","Transboundary","Nesketahin","SEL-30-03","SEL"
"441","Transboundary","Alsek River","SER-24","SER"
"442","Transboundary","Chilkat River","SER-023","SER"
"443","Transboundary","Northern Transboundary Fjords","SER-22","SER"
"444","Transboundary","Transboundary Fjords","PKO-19","PKO"
"445","Transboundary","Transboundary Fjords","PKE-13","PKE"
"446","Transboundary","Alsek","CK-67","CK"
"447","Transboundary","Lynn Canal","CK-66","CK"
"448","Transboundary","Taku-Early Timing","CK-63","CK"
"449","Transboundary","Taku-Mid Timing","CK-64","CK"
"450","Transboundary","Taku-Late Timing","CK-65","CK"
"451","Transboundary","Whiting","CK-62","CK"
"452","Transboundary","Stikine-Early Timing","CK-60","CK"
"453","Transboundary","Stikine-Late Timing","CK-61","CK"
"454","Transboundary","Unuk","CK-59","CK"
"455","Transboundary","Alsek River","CO-45","CO"
"456","Transboundary","Lynn Canal","CO-44","CO"
"457","Transboundary","Taku-Late Timing","CO-42","CO"
"458","Transboundary","Whiting River","CO-40","CO"
"459","Transboundary","Lower Stikine","CO-39","CO"
"460","Transboundary","Unuk River","CO-38","CO"
"461","Transboundary","Taku-Early Timing","CO-41","CO"
"462","Transboundary","Taku-Mid Timing","CO-43","CO"
"463","Transboundary","Lynn Canal","CM-37","CM"
"464","Transboundary","Taku","CM-36","CM"
"465","Transboundary","Whiting","CM-35","CM"
"466","Transboundary","Unuk","CM-33","CM"
"467","Transboundary","Lower Stikine","CM-34","CM"
"468","Transboundary","Alsek Summer",NA,"SH"
"469","Transboundary","Taku Summer",NA,"SH"
"470","Transboundary","Taku Winter",NA,"SH"
"471","Transboundary","Stikine Summer",NA,"SH"
"472","Transboundary","Stikine Winter",NA,"SH"
