"region","species_name","species_pooled","cuid","cu_name_pse","psf_status"
"Skeena","Chinook","Chinook",205,"Ecstall","data-deficient"
"Skeena","Chinook","Chinook",206,"Kalum-Early","data-deficient"
"Skeena","Chinook","Chinook",207,"Kalum-Late","good"
"Skeena","Chinook","Chinook",227,"Lakelse","data-deficient"
"Skeena","Chinook","Chinook",210,"Lower Skeena","data-deficient"
"Skeena","Chinook","Chinook",222,"Middle Skeena-Large Lakes","good"
"Skeena","Chinook","Chinook",217,"Middle Skeena-Mainstem Tributaries","fair"
"Skeena","Chinook","Chinook",241,"Sicintine","data-deficient"
"Skeena","Chinook","Chinook",224,"Skeena Estuary","data-deficient"
"Skeena","Chinook","Chinook",221,"Upper Bulkley River","data-deficient"
"Skeena","Chinook","Chinook",212,"Upper Skeena","data-deficient"
"Skeena","Chinook","Chinook",229,"Zymoetz","data-deficient"
"Skeena","Chum","Chum",211,"Lower Skeena","poor"
"Skeena","Chum","Chum",214,"Middle Skeena","data-deficient"
"Skeena","Chum","Chum",220,"Skeena Estuary","data-deficient"
"Skeena","Chum","Chum",242,"Upper Skeena","data-deficient"
"Skeena","Coho","Coho",202,"Lower Skeena","good"
"Skeena","Coho","Coho",215,"Middle Skeena","good"
"Skeena","Coho","Coho",225,"Skeena Estuary","data-deficient"
"Skeena","Coho","Coho",231,"Upper Skeena","good"
"Skeena","Lake sockeye","Sockeye",171,"Alastair","good"
"Skeena","Lake sockeye","Sockeye",190,"Asitika","good"
"Skeena","Lake sockeye","Sockeye",191,"Azuklotz","good"
"Skeena","Lake sockeye","Sockeye",203,"Babine (enhanced)","good"
"Skeena","Lake sockeye","Sockeye",180,"Babine/Onerka","fair"
"Skeena","Lake sockeye","Sockeye",192,"Bear","fair"
"Skeena","Lake sockeye","Sockeye",181,"Bulkley/Maxan","data-deficient"
"Skeena","Lake sockeye","Sockeye",193,"Damshilgwit","good"
"Skeena","Lake sockeye","Sockeye",174,"Ecstall/Lower","data-deficient"
"Skeena","Lake sockeye","Sockeye",230,"Footsore/Hodder","data-deficient"
"Skeena","Lake sockeye","Sockeye",183,"Gitanyow (Kitwanga/Kitwancool)","poor"
"Skeena","Lake sockeye","Sockeye",194,"Johanson","data-deficient"
"Skeena","Lake sockeye","Sockeye",175,"Johnston","data-deficient"
"Skeena","Lake sockeye","Sockeye",176,"Kitsumkalum","good"
"Skeena","Lake sockeye","Sockeye",195,"Kluatantan","data-deficient"
"Skeena","Lake sockeye","Sockeye",196,"Kluayaz","data-deficient"
"Skeena","Lake sockeye","Sockeye",177,"Lakelse","good"
"Skeena","Lake sockeye","Sockeye",178,"Mcdonell/Dennis/Aldrich","good"
"Skeena","Lake sockeye","Sockeye",185,"Morice/Atna","poor"
"Skeena","Lake sockeye","Sockeye",197,"Motase","poor"
"Skeena","Lake sockeye","Sockeye",186,"Nilkitkwa","fair"
"Skeena","Lake sockeye","Sockeye",198,"Sicintine","data-deficient"
"Skeena","Lake sockeye","Sockeye",199,"Slamgeesh","data-deficient"
"Skeena","Lake sockeye","Sockeye",200,"Spawning","data-deficient"
"Skeena","Lake sockeye","Sockeye",187,"Stephens","good"
"Skeena","Lake sockeye","Sockeye",201,"Sustut","data-deficient"
"Skeena","Lake sockeye","Sockeye",188,"Swan/Club","poor"
"Skeena","Lake sockeye","Sockeye",189,"Tahlo/Morrison","good"
"Skeena","Pink (even)","Pink",218,"Middle-Upper Skeena (even)","data-deficient"
"Skeena","Pink (even)","Pink",219,"Nass-Skeena Estuary (even)","data-deficient"
"Skeena","Pink (odd)","Pink",209,"Lower Skeena River (odd)","data-deficient"
"Skeena","Pink (odd)","Pink",213,"Middle-Upper Skeena (odd)","data-deficient"
"Skeena","Pink (odd)","Pink",223,"Nass-Skeena Estuary (odd)","data-deficient"
"Skeena","River sockeye","Sockeye",216,"Skeena River-High Interior (river-type)","data-deficient"
"Skeena","River sockeye","Sockeye",226,"Skeena River (river-type)","data-deficient"
"Skeena","Steelhead","Steelhead",284,"Babine","data-deficient"
"Skeena","Steelhead","Steelhead",287,"Bulkley","data-deficient"
"Skeena","Steelhead","Steelhead",283,"Kispiox","data-deficient"
"Skeena","Steelhead","Steelhead",285,"Middle Skeena","data-deficient"
"Skeena","Steelhead","Steelhead",289,"Morice","data-deficient"
"Skeena","Steelhead","Steelhead",288,"Skeena Coastal Summers","data-deficient"
"Skeena","Steelhead","Steelhead",290,"Skeena Coastal Winters","data-deficient"
"Skeena","Steelhead","Steelhead",286,"Suskwa","data-deficient"
"Skeena","Steelhead","Steelhead",282,"Upper Skeena","data-deficient"
"Skeena","Steelhead","Steelhead",280,"Upper Skeena Headwaters","data-deficient"
"Skeena","Steelhead","Steelhead",281,"Upper Sustut","poor"
"Nass","Chinook","Chinook",401,"Portland Sound-Observatory Inlet-Lower Nass","good"
"Nass","Chinook","Chinook",402,"Upper Nass","fair"
"Nass","Chum","Chum",405,"Lower Nass","data-deficient"
"Nass","Chum","Chum",406,"Portland Canal-Observatory","poor"
"Nass","Chum","Chum",404,"Portland Inlet","fair"
"Nass","Coho","Coho",408,"Lower Nass","good"
"Nass","Coho","Coho",410,"Portland Sound-Observatory Inlet-Portland Canal","fair"
"Nass","Coho","Coho",409,"Upper Nass","good"
"Nass","Lake sockeye","Sockeye",420,"Bowser","data-deficient"
"Nass","Lake sockeye","Sockeye",418,"Clements","data-deficient"
"Nass","Lake sockeye","Sockeye",421,"Damdochax","fair"
"Nass","Lake sockeye","Sockeye",422,"Fred Wright","poor"
"Nass","Lake sockeye","Sockeye",423,"Kwinageese","data-deficient"
"Nass","Lake sockeye","Sockeye",419,"Leverson","data-deficient"
"Nass","Lake sockeye","Sockeye",424,"Meziadin","fair"
"Nass","Lake sockeye","Sockeye",425,"Oweegee","data-deficient"
"Nass","Pink (even)","Pink",412,"Upper Nass (even)","data-deficient"
"Nass","Pink (odd)","Pink",414,"Nass-Portland-Observatory (odd)","good"
"Nass","Pink (odd)","Pink",415,"Upper Nass (odd)","data-deficient"
"Nass","River sockeye","Sockeye",426,"Lower Nass-Portland (river-type)","good"
"Nass","River sockeye","Sockeye",427,"Upper Nass River (river-type)","data-deficient"
"Nass","Steelhead","Steelhead",480,"Nass Summer","fair"
"Nass","Steelhead","Steelhead",481,"Nass Winter","data-deficient"
"Central Coast","Chinook","Chinook",512,"Bella Coola-Bentinck","good"
"Central Coast","Chinook","Chinook",513,"Dean River","good"
"Central Coast","Chinook","Chinook",509,"Docee","data-deficient"
"Central Coast","Chinook","Chinook",515,"North & Central Coast-Early","good"
"Central Coast","Chinook","Chinook",514,"North & Central Coast-Late","data-deficient"
"Central Coast","Chinook","Chinook",510,"Rivers Inlet","poor"
"Central Coast","Chinook","Chinook",511,"Wannock","good"
"Central Coast","Chum","Chum",504,"Bella Coola-Dean Rivers","fair"
"Central Coast","Chum","Chum",505,"Bella Coola River-Late","data-deficient"
"Central Coast","Chum","Chum",508,"Douglas-Gardner","poor"
"Central Coast","Chum","Chum",506,"Hecate Lowlands","poor"
"Central Coast","Chum","Chum",507,"Mussel-Kynoch","poor"
"Central Coast","Chum","Chum",501,"Rivers Inlet","poor"
"Central Coast","Chum","Chum",500,"Smith Inlet","poor"
"Central Coast","Chum","Chum",503,"Spiller-Fitz-Hugh-Burke","fair"
"Central Coast","Chum","Chum",502,"Wannock","data-deficient"
"Central Coast","Coho","Coho",518,"Bella Coola-Dean Rivers","fair"
"Central Coast","Coho","Coho",521,"Brim-Wahoo","good"
"Central Coast","Coho","Coho",522,"Douglas Channel-Kitimat Arm","good"
"Central Coast","Coho","Coho",520,"Hecate Strait Mainland","fair"
"Central Coast","Coho","Coho",519,"Mussel-Kynoch","poor"
"Central Coast","Coho","Coho",523,"Northern Coastal Streams","good"
"Central Coast","Coho","Coho",517,"Rivers Inlet","data-deficient"
"Central Coast","Coho","Coho",516,"Smith Inlet","data-deficient"
"Central Coast","Lake sockeye","Sockeye",529,"Backland","poor"
"Central Coast","Lake sockeye","Sockeye",540,"Banks","data-deficient"
"Central Coast","Lake sockeye","Sockeye",541,"Bloomfield","fair"
"Central Coast","Lake sockeye","Sockeye",542,"Bolton Creek","data-deficient"
"Central Coast","Lake sockeye","Sockeye",543,"Bonilla","data-deficient"
"Central Coast","Lake sockeye","Sockeye",544,"Borrowman Creek","data-deficient"
"Central Coast","Lake sockeye","Sockeye",545,"Busey Creek","data-deficient"
"Central Coast","Lake sockeye","Sockeye",532,"Canoona","good"
"Central Coast","Lake sockeye","Sockeye",546,"Cartwright Creek","data-deficient"
"Central Coast","Lake sockeye","Sockeye",547,"Chic Chic","data-deficient"
"Central Coast","Lake sockeye","Sockeye",548,"Citeyats","data-deficient"
"Central Coast","Lake sockeye","Sockeye",550,"Curtis Inlet","data-deficient"
"Central Coast","Lake sockeye","Sockeye",551,"Dallain Creek","data-deficient"
"Central Coast","Lake sockeye","Sockeye",552,"Deer","data-deficient"
"Central Coast","Lake sockeye","Sockeye",553,"Devon","fair"
"Central Coast","Lake sockeye","Sockeye",533,"Dome","data-deficient"
"Central Coast","Lake sockeye","Sockeye",554,"Douglas Creek","data-deficient"
"Central Coast","Lake sockeye","Sockeye",555,"Elizabeth","data-deficient"
"Central Coast","Lake sockeye","Sockeye",556,"Elsie/Hoy","data-deficient"
"Central Coast","Lake sockeye","Sockeye",557,"End Hill Creek","data-deficient"
"Central Coast","Lake sockeye","Sockeye",534,"Evelyn","good"
"Central Coast","Lake sockeye","Sockeye",558,"Evinrude Inlet","data-deficient"
"Central Coast","Lake sockeye","Sockeye",549,"Fannie Cove","data-deficient"
"Central Coast","Lake sockeye","Sockeye",559,"Freeda","data-deficient"
"Central Coast","Lake sockeye","Sockeye",560,"Hartley Bay","good"
"Central Coast","Lake sockeye","Sockeye",561,"Hevenor Inlet","data-deficient"
"Central Coast","Lake sockeye","Sockeye",562,"Higgins Lagoon","data-deficient"
"Central Coast","Lake sockeye","Sockeye",563,"Kadjusdis River","good"
"Central Coast","Lake sockeye","Sockeye",535,"Kainet Creek","good"
"Central Coast","Lake sockeye","Sockeye",564,"Kdelmashan Creek","data-deficient"
"Central Coast","Lake sockeye","Sockeye",565,"Keecha","good"
"Central Coast","Lake sockeye","Sockeye",566,"Kent Inlet Lagoon Creek","data-deficient"
"Central Coast","Lake sockeye","Sockeye",567,"Kenzuwash Creeks","data-deficient"
"Central Coast","Lake sockeye","Sockeye",568,"Keswar Creek","data-deficient"
"Central Coast","Lake sockeye","Sockeye",569,"Kildidt Creek","data-deficient"
"Central Coast","Lake sockeye","Sockeye",570,"Kildidt Lagoon Creek","data-deficient"
"Central Coast","Lake sockeye","Sockeye",536,"Kimsquit","data-deficient"
"Central Coast","Lake sockeye","Sockeye",571,"Kisameet","data-deficient"
"Central Coast","Lake sockeye","Sockeye",537,"Kitkiata","data-deficient"
"Central Coast","Lake sockeye","Sockeye",538,"Kitlope","poor"
"Central Coast","Lake sockeye","Sockeye",572,"Koeye","good"
"Central Coast","Lake sockeye","Sockeye",573,"Kooryet","poor"
"Central Coast","Lake sockeye","Sockeye",574,"Kunsoot River","data-deficient"
"Central Coast","Lake sockeye","Sockeye",575,"Kwakwa Creek","data-deficient"
"Central Coast","Lake sockeye","Sockeye",576,"Lewis Creek","data-deficient"
"Central Coast","Lake sockeye","Sockeye",577,"Limestone Creek","data-deficient"
"Central Coast","Lake sockeye","Sockeye",524,"Long","data-deficient"
"Central Coast","Lake sockeye","Sockeye",578,"Lowe/Simpson/Weir","poor"
"Central Coast","Lake sockeye","Sockeye",579,"Mary Cove Creek","poor"
"Central Coast","Lake sockeye","Sockeye",580,"Mcdonald Creek","data-deficient"
"Central Coast","Lake sockeye","Sockeye",581,"Mcloughlin","data-deficient"
"Central Coast","Lake sockeye","Sockeye",582,"Mikado","good"
"Central Coast","Lake sockeye","Sockeye",583,"Monckton Inlet Creek","data-deficient"
"Central Coast","Lake sockeye","Sockeye",584,"Namu","good"
"Central Coast","Lake sockeye","Sockeye",525,"Owikeno","poor"
"Central Coast","Lake sockeye","Sockeye",539,"Pine River","data-deficient"
"Central Coast","Lake sockeye","Sockeye",585,"Port John","good"
"Central Coast","Lake sockeye","Sockeye",586,"Powles Creek","data-deficient"
"Central Coast","Lake sockeye","Sockeye",587,"Price Creek","data-deficient"
"Central Coast","Lake sockeye","Sockeye",588,"Roderick","poor"
"Central Coast","Lake sockeye","Sockeye",589,"Ryan Creek","data-deficient"
"Central Coast","Lake sockeye","Sockeye",590,"Salter","data-deficient"
"Central Coast","Lake sockeye","Sockeye",591,"Scoular/Kilpatrick","data-deficient"
"Central Coast","Lake sockeye","Sockeye",592,"Sheneeza Inlet","data-deficient"
"Central Coast","Lake sockeye","Sockeye",593,"Ship Point Creek","data-deficient"
"Central Coast","Lake sockeye","Sockeye",530,"Soda Creek","data-deficient"
"Central Coast","Lake sockeye","Sockeye",528,"South Atnarko Lakes","data-deficient"
"Central Coast","Lake sockeye","Sockeye",594,"Spencer Creek","data-deficient"
"Central Coast","Lake sockeye","Sockeye",595,"Stannard Creek","data-deficient"
"Central Coast","Lake sockeye","Sockeye",596,"Talamoosa Creek","data-deficient"
"Central Coast","Lake sockeye","Sockeye",597,"Tankeeah River","poor"
"Central Coast","Lake sockeye","Sockeye",598,"Treneman Creek","data-deficient"
"Central Coast","Lake sockeye","Sockeye",599,"Tsimtack/Moore/Roger","good"
"Central Coast","Lake sockeye","Sockeye",600,"Tuno Creek East","data-deficient"
"Central Coast","Lake sockeye","Sockeye",601,"Tuno Creek West","data-deficient"
"Central Coast","Lake sockeye","Sockeye",602,"Tyler Creek","data-deficient"
"Central Coast","Lake sockeye","Sockeye",603,"Wale Creek","data-deficient"
"Central Coast","Lake sockeye","Sockeye",527,"Wannock (Owikeno)","data-deficient"
"Central Coast","Lake sockeye","Sockeye",604,"Watt Bay","data-deficient"
"Central Coast","Lake sockeye","Sockeye",605,"West Creek","data-deficient"
"Central Coast","Lake sockeye","Sockeye",606,"Yaaklele Lagoon","data-deficient"
"Central Coast","Lake sockeye","Sockeye",607,"Yeo","good"
"Central Coast","Pink (even)","Pink",608,"Hecate Lowlands (even)","fair"
"Central Coast","Pink (even)","Pink",609,"Hecate Strait-Fjords (even)","good"
"Central Coast","Pink (odd)","Pink",612,"Hecate Strait-Fjords (odd)","good"
"Central Coast","Pink (odd)","Pink",611,"Hecate Strait-Lowlands (odd)","good"
"Central Coast","Pink (odd)","Pink",610,"Homathko-Klinaklini-Smith-Rivers-Bella Coola-Dean (odd)","poor"
"Central Coast","River sockeye","Sockeye",614,"Northern Coastal Fjords (river-type)","poor"
"Central Coast","River sockeye","Sockeye",615,"Northern Coastal Streams (river-type)","data-deficient"
"Central Coast","River sockeye","Sockeye",613,"Rivers-Smith Inlets (river-type)","data-deficient"
"Central Coast","Steelhead","Steelhead",682,"Central Coast Winter","data-deficient"
"Central Coast","Steelhead","Steelhead",681,"North Coast Summer","data-deficient"
"Central Coast","Steelhead","Steelhead",680,"North Coast Winter","data-deficient"
"Central Coast","Steelhead","Steelhead",683,"Transition Summer","data-deficient"
"Fraser","Chinook","Chinook",302,"Boundary Bay (Fall 4-1)","data-deficient"
"Fraser","Chinook","Chinook",308,"Fraser Canyon-Nahatlatch (Spring 5-2)","data-deficient"
"Fraser","Chinook","Chinook",307,"Lower Fraser River-Maria Slough (Summer 4-1)","data-deficient"
"Fraser","Chinook","Chinook",305,"Lower Fraser River-Upper Pitt (Summer 5-2)","data-deficient"
"Fraser","Chinook","Chinook",303,"Lower Fraser River (Fall 4-1)","data-deficient"
"Fraser","Chinook","Chinook",304,"Lower Fraser River (Spring 5-2)","data-deficient"
"Fraser","Chinook","Chinook",306,"Lower Fraser River (Summer 5-2)","data-deficient"
"Fraser","Chinook","Chinook",317,"Lower Thompson River (Spring 4-2)","data-deficient"
"Fraser","Chinook","Chinook",309,"Middle Fraser River-Portage (Fall 5-2)","data-deficient"
"Fraser","Chinook","Chinook",310,"Middle Fraser River (Spring 5-2)","data-deficient"
"Fraser","Chinook","Chinook",311,"Middle Fraser River (Summer 5-2)","data-deficient"
"Fraser","Chinook","Chinook",318,"North Thompson River (Spring 5-2)","data-deficient"
"Fraser","Chinook","Chinook",319,"North Thompson River (Summer 5-2)","data-deficient"
"Fraser","Chinook","Chinook",315,"Shuswap River (Summer 4-1)","data-deficient"
"Fraser","Chinook","Chinook",333,"South Thompson-Adams River Upper","data-deficient"
"Fraser","Chinook","Chinook",316,"South Thompson River-Bessette Creek (Summer 4-2)","data-deficient"
"Fraser","Chinook","Chinook",313,"South Thompson River (Summer 4-1)","data-deficient"
"Fraser","Chinook","Chinook",314,"South Thompson River (Summer 5-2)","data-deficient"
"Fraser","Chinook","Chinook",312,"Upper Fraser River (Spring 5-2)","data-deficient"
"Fraser","Chum","Chum",701,"Lower Fraser","data-deficient"
"Fraser","Coho","Coho",906,"Boundary Bay","data-deficient"
"Fraser","Coho","Coho",705,"Fraser Canyon","data-deficient"
"Fraser","Coho","Coho",749,"Interior Fraser","data-deficient"
"Fraser","Coho","Coho",704,"Lillooet","data-deficient"
"Fraser","Coho","Coho",750,"Lower Fraser","data-deficient"
"Fraser","Coho","Coho",707,"Lower Thompson","data-deficient"
"Fraser","Coho","Coho",709,"North Thompson","data-deficient"
"Fraser","Coho","Coho",708,"South Thompson","data-deficient"
"Fraser","Lake sockeye","Sockeye",760,"Adams-Early Summer","extinct"
"Fraser","Lake sockeye","Sockeye",751,"Adams & Momich Lakes-Early Summer","data-deficient"
"Fraser","Lake sockeye","Sockeye",756,"Alouette-Early Summer","extinct"
"Fraser","Lake sockeye","Sockeye",719,"Anderson-Seton-Early Summer","poor"
"Fraser","Lake sockeye","Sockeye",735,"Bowron-Early Summer","poor"
"Fraser","Lake sockeye","Sockeye",720,"Chilko-Early Summer","data-deficient"
"Fraser","Lake sockeye","Sockeye",721,"Chilko-Summer","poor"
"Fraser","Lake sockeye","Sockeye",711,"Chilliwack-Early Summer (cyclic)","data-deficient"
"Fraser","Lake sockeye","Sockeye",757,"Coquitlam-Early Summer","extinct"
"Fraser","Lake sockeye","Sockeye",712,"Cultus-Late","data-deficient"
"Fraser","Lake sockeye","Sockeye",725,"Francois-Fraser-Summer","poor"
"Fraser","Lake sockeye","Sockeye",753,"Fraser-Early Summer","extinct"
"Fraser","Lake sockeye","Sockeye",713,"Harrison-Downstream Migrating-Late","poor"
"Fraser","Lake sockeye","Sockeye",714,"Harrison-Upstream Migrating-Late","poor"
"Fraser","Lake sockeye","Sockeye",740,"Kamloops-Early Summer","poor"
"Fraser","Lake sockeye","Sockeye",758,"Kawkawa-Late","extinct"
"Fraser","Lake sockeye","Sockeye",716,"Lillooet-Harrison-Late","poor"
"Fraser","Lake sockeye","Sockeye",761,"Momich-Early Summer","extinct"
"Fraser","Lake sockeye","Sockeye",727,"Nadina-Francois-Early Summer","good"
"Fraser","Lake sockeye","Sockeye",718,"Nahatlatch-Early Summer","fair"
"Fraser","Lake sockeye","Sockeye",763,"North Barriere-Early Summer","extinct"
"Fraser","Lake sockeye","Sockeye",752,"North Barriere-Early Summer (de novo)","poor"
"Fraser","Lake sockeye","Sockeye",715,"Pitt-Early Summer","poor"
"Fraser","Lake sockeye","Sockeye",728,"Quesnel-Summer (cyclic)","data-deficient"
"Fraser","Lake sockeye","Sockeye",729,"Seton-Late (de novo)","poor"
"Fraser","Lake sockeye","Sockeye",759,"Seton-Summer","extinct"
"Fraser","Lake sockeye","Sockeye",738,"Shuswap-Early Summer (cyclic)","data-deficient"
"Fraser","Lake sockeye","Sockeye",739,"Shuswap-Late (cyclic)","data-deficient"
"Fraser","Lake sockeye","Sockeye",732,"Takla-Trembleur-Early Stuart (cyclic)","data-deficient"
"Fraser","Lake sockeye","Sockeye",731,"Takla-Trembleur-Stuart-Summer (cyclic)","data-deficient"
"Fraser","Lake sockeye","Sockeye",734,"Taseko-Early Summer","fair"
"Fraser","Pink (odd)","Pink",710,"Fraser River (odd)","good"
"Fraser","River sockeye","Sockeye",745,"Harrison River (river-type)","poor"
"Fraser","River sockeye","Sockeye",742,"Widgeon (river-type)","fair"
"Fraser","Steelhead","Steelhead",785,"Boundary Bay Winter","data-deficient"
"Fraser","Steelhead","Steelhead",783,"Fraser Canyon Summer","data-deficient"
"Fraser","Steelhead","Steelhead",784,"Lower Fraser Summer","data-deficient"
"Fraser","Steelhead","Steelhead",782,"Lower Fraser Winter","data-deficient"
"Fraser","Steelhead","Steelhead",780,"Mid Fraser Summer","poor"
"Fraser","Steelhead","Steelhead",781,"Thompson Summer","poor"
"Vancouver Island & Mainland Inlets","Chinook","Chinook",322,"East Vancouver Island-Cowichan and Koksilah (Fall x-1)","data-deficient"
"Vancouver Island & Mainland Inlets","Chinook","Chinook",334,"East Vancouver Island-Georgia Strait (Summer 4-1)","data-deficient"
"Vancouver Island & Mainland Inlets","Chinook","Chinook",321,"East Vancouver Island-Goldstream (Fall x-1)","data-deficient"
"Vancouver Island & Mainland Inlets","Chinook","Chinook",323,"East Vancouver Island-Nanaimo (Spring x-2)","data-deficient"
"Vancouver Island & Mainland Inlets","Chinook","Chinook",324,"East Vancouver Island-Nanaimo and Chemainus (Fall x-1)","data-deficient"
"Vancouver Island & Mainland Inlets","Chinook","Chinook",327,"East Vancouver Island-North (Fall x-1)","data-deficient"
"Vancouver Island & Mainland Inlets","Chinook","Chinook",325,"East Vancouver Island-Qualicum and Puntledge (Fall x-1)","data-deficient"
"Vancouver Island & Mainland Inlets","Chinook","Chinook",331,"Homathko (Summer x-x)","data-deficient"
"Vancouver Island & Mainland Inlets","Chinook","Chinook",332,"Klinaklini (Summer 5-2)","data-deficient"
"Vancouver Island & Mainland Inlets","Chinook","Chinook",320,"Southern Mainland-Georgia Strait (Fall x-1)","data-deficient"
"Vancouver Island & Mainland Inlets","Chinook","Chinook",326,"Southern Mainland-Southern Fjords (Fall x-1)","data-deficient"
"Vancouver Island & Mainland Inlets","Chinook","Chinook",329,"West Vancouver Island-Nootka and Kyuquot (Fall x-1)","data-deficient"
"Vancouver Island & Mainland Inlets","Chinook","Chinook",330,"West Vancouver Island-North (Fall x-1)","data-deficient"
"Vancouver Island & Mainland Inlets","Chinook","Chinook",328,"West Vancouver Island-South (Fall x-1)","data-deficient"
"Vancouver Island & Mainland Inlets","Chum","Chum",901,"Bute Inlet","data-deficient"
"Vancouver Island & Mainland Inlets","Chum","Chum",904,"Georgia Strait","good"
"Vancouver Island & Mainland Inlets","Chum","Chum",905,"Howe Sound-Burrard Inlet","fair"
"Vancouver Island & Mainland Inlets","Chum","Chum",902,"Loughborough","poor"
"Vancouver Island & Mainland Inlets","Chum","Chum",903,"Northeast Vancouver Island","poor"
"Vancouver Island & Mainland Inlets","Chum","Chum",977,"Northwest Vancouver Island","data-deficient"
"Vancouver Island & Mainland Inlets","Chum","Chum",900,"Southern Coastal Streams","poor"
"Vancouver Island & Mainland Inlets","Chum","Chum",978,"Southwest & West Vancouver Island","data-deficient"
"Vancouver Island & Mainland Inlets","Chum","Chum",979,"Upper Knight","data-deficient"
"Vancouver Island & Mainland Inlets","Coho","Coho",915,"Clayoquot","data-deficient"
"Vancouver Island & Mainland Inlets","Coho","Coho",910,"East Vancouver Island-Georgia Strait","data-deficient"
"Vancouver Island & Mainland Inlets","Coho","Coho",911,"East Vancouver Island-Johnstone Strait-Southern Fjords","data-deficient"
"Vancouver Island & Mainland Inlets","Coho","Coho",908,"Georgia Strait Mainland","data-deficient"
"Vancouver Island & Mainland Inlets","Coho","Coho",916,"Homathko-Klinaklini Rivers","data-deficient"
"Vancouver Island & Mainland Inlets","Coho","Coho",907,"Howe Sound-Burrard Inlet","data-deficient"
"Vancouver Island & Mainland Inlets","Coho","Coho",913,"Juan de Fuca-Pachena","data-deficient"
"Vancouver Island & Mainland Inlets","Coho","Coho",912,"Nahwitti Lowland","data-deficient"
"Vancouver Island & Mainland Inlets","Coho","Coho",909,"Southern Coastal Streams-Queen Charlotte Strait-Johnstone Strait-Southern Fjords","data-deficient"
"Vancouver Island & Mainland Inlets","Coho","Coho",914,"West Vancouver Island","data-deficient"
"Vancouver Island & Mainland Inlets","Lake sockeye","Sockeye",945,"Alice","data-deficient"
"Vancouver Island & Mainland Inlets","Lake sockeye","Sockeye",946,"Canoe Creek","data-deficient"
"Vancouver Island & Mainland Inlets","Lake sockeye","Sockeye",947,"Cecilia","data-deficient"
"Vancouver Island & Mainland Inlets","Lake sockeye","Sockeye",948,"Cheewat","data-deficient"
"Vancouver Island & Mainland Inlets","Lake sockeye","Sockeye",949,"Clayoquot","data-deficient"
"Vancouver Island & Mainland Inlets","Lake sockeye","Sockeye",950,"Deserted","data-deficient"
"Vancouver Island & Mainland Inlets","Lake sockeye","Sockeye",951,"Fairy","data-deficient"
"Vancouver Island & Mainland Inlets","Lake sockeye","Sockeye",927,"Fulmore","data-deficient"
"Vancouver Island & Mainland Inlets","Lake sockeye","Sockeye",952,"Great Central","fair"
"Vancouver Island & Mainland Inlets","Lake sockeye","Sockeye",953,"Henderson","data-deficient"
"Vancouver Island & Mainland Inlets","Lake sockeye","Sockeye",954,"Hesquiat","data-deficient"
"Vancouver Island & Mainland Inlets","Lake sockeye","Sockeye",928,"Heydon","data-deficient"
"Vancouver Island & Mainland Inlets","Lake sockeye","Sockeye",955,"Hobiton","data-deficient"
"Vancouver Island & Mainland Inlets","Lake sockeye","Sockeye",937,"Ida-Bonanza","data-deficient"
"Vancouver Island & Mainland Inlets","Lake sockeye","Sockeye",956,"Jansen","data-deficient"
"Vancouver Island & Mainland Inlets","Lake sockeye","Sockeye",929,"Kakweiken","data-deficient"
"Vancouver Island & Mainland Inlets","Lake sockeye","Sockeye",957,"Kanim","data-deficient"
"Vancouver Island & Mainland Inlets","Lake sockeye","Sockeye",958,"Kennedy","data-deficient"
"Vancouver Island & Mainland Inlets","Lake sockeye","Sockeye",930,"Loose","data-deficient"
"Vancouver Island & Mainland Inlets","Lake sockeye","Sockeye",931,"Mackenzie","data-deficient"
"Vancouver Island & Mainland Inlets","Lake sockeye","Sockeye",959,"Maggie","data-deficient"
"Vancouver Island & Mainland Inlets","Lake sockeye","Sockeye",960,"Megin","data-deficient"
"Vancouver Island & Mainland Inlets","Lake sockeye","Sockeye",961,"Muchalat","data-deficient"
"Vancouver Island & Mainland Inlets","Lake sockeye","Sockeye",962,"Muriel","data-deficient"
"Vancouver Island & Mainland Inlets","Lake sockeye","Sockeye",938,"Nahwitti","data-deficient"
"Vancouver Island & Mainland Inlets","Lake sockeye","Sockeye",939,"Nimpkish","fair"
"Vancouver Island & Mainland Inlets","Lake sockeye","Sockeye",963,"Nitinat","data-deficient"
"Vancouver Island & Mainland Inlets","Lake sockeye","Sockeye",964,"O'Connell","data-deficient"
"Vancouver Island & Mainland Inlets","Lake sockeye","Sockeye",966,"Park River","data-deficient"
"Vancouver Island & Mainland Inlets","Lake sockeye","Sockeye",932,"Phillips","data-deficient"
"Vancouver Island & Mainland Inlets","Lake sockeye","Sockeye",967,"Power","data-deficient"
"Vancouver Island & Mainland Inlets","Lake sockeye","Sockeye",941,"Quatse","data-deficient"
"Vancouver Island & Mainland Inlets","Lake sockeye","Sockeye",933,"Sakinaw","data-deficient"
"Vancouver Island & Mainland Inlets","Lake sockeye","Sockeye",942,"Schoen","data-deficient"
"Vancouver Island & Mainland Inlets","Lake sockeye","Sockeye",943,"Shushartie","data-deficient"
"Vancouver Island & Mainland Inlets","Lake sockeye","Sockeye",969,"Sproat","good"
"Vancouver Island & Mainland Inlets","Lake sockeye","Sockeye",935,"Tzoonie","data-deficient"
"Vancouver Island & Mainland Inlets","Lake sockeye","Sockeye",976,"Vernon","data-deficient"
"Vancouver Island & Mainland Inlets","Lake sockeye","Sockeye",970,"William-Brink","data-deficient"
"Vancouver Island & Mainland Inlets","Lake sockeye","Sockeye",944,"Woss","data-deficient"
"Vancouver Island & Mainland Inlets","Pink (even)","Pink",917,"Georgia Strait (even)","fair"
"Vancouver Island & Mainland Inlets","Pink (even)","Pink",919,"Northwest Vancouver Island (even)","data-deficient"
"Vancouver Island & Mainland Inlets","Pink (even)","Pink",920,"Southern Fjords (even)","fair"
"Vancouver Island & Mainland Inlets","Pink (even)","Pink",918,"West Vancouver Island (even)","data-deficient"
"Vancouver Island & Mainland Inlets","Pink (odd)","Pink",921,"East Howe Sound-Burrard Inlet (odd)","poor"
"Vancouver Island & Mainland Inlets","Pink (odd)","Pink",923,"East Vancouver Island-Johnstone Strait (odd)","good"
"Vancouver Island & Mainland Inlets","Pink (odd)","Pink",922,"Georgia Strait (odd)","fair"
"Vancouver Island & Mainland Inlets","Pink (odd)","Pink",924,"Nahwitti (odd)","poor"
"Vancouver Island & Mainland Inlets","Pink (odd)","Pink",926,"Southern Fjords (odd)","poor"
"Vancouver Island & Mainland Inlets","Pink (odd)","Pink",925,"West Vancouver Island (odd)","data-deficient"
"Vancouver Island & Mainland Inlets","River sockeye","Sockeye",973,"East Vancouver Island & Georgia Strait (river-type)","data-deficient"
"Vancouver Island & Mainland Inlets","River sockeye","Sockeye",974,"NW Vancouver Island (river-type)","data-deficient"
"Vancouver Island & Mainland Inlets","River sockeye","Sockeye",971,"Southern Fjords (river-type)","data-deficient"
"Vancouver Island & Mainland Inlets","River sockeye","Sockeye",972,"West Vancouver Island (river-type)","data-deficient"
"Vancouver Island & Mainland Inlets","Steelhead","Steelhead",985,"East Vancouver Island Summer","poor"
"Vancouver Island & Mainland Inlets","Steelhead","Steelhead",981,"East Vancouver Island Winter","poor"
"Vancouver Island & Mainland Inlets","Steelhead","Steelhead",983,"South Coast Summer","data-deficient"
"Vancouver Island & Mainland Inlets","Steelhead","Steelhead",980,"South Coast Winter","data-deficient"
"Vancouver Island & Mainland Inlets","Steelhead","Steelhead",984,"West Vancouver Island Summer","poor"
"Vancouver Island & Mainland Inlets","Steelhead","Steelhead",982,"West Vancouver Island Winter","data-deficient"
"Haida Gwaii","Chinook","Chinook",806,"East Haida Gwaii","data-deficient"
"Haida Gwaii","Chinook","Chinook",805,"North Haida Gwaii","data-deficient"
"Haida Gwaii","Chum","Chum",801,"East Haida Gwaii","poor"
"Haida Gwaii","Chum","Chum",802,"North Haida Gwaii","poor"
"Haida Gwaii","Chum","Chum",800,"North Haida Gwaii-Stanley Creek","data-deficient"
"Haida Gwaii","Chum","Chum",804,"Skidegate","fair"
"Haida Gwaii","Chum","Chum",803,"West Haida Gwaii","fair"
"Haida Gwaii","Coho","Coho",807,"East Haida Gwaii","poor"
"Haida Gwaii","Coho","Coho",809,"Haida Gwaii-Graham Island Lowlands","fair"
"Haida Gwaii","Coho","Coho",808,"West Haida Gwaii","good"
"Haida Gwaii","Lake sockeye","Sockeye",819,"Ain-Skundale-Ian","data-deficient"
"Haida Gwaii","Lake sockeye","Sockeye",820,"Awun","good"
"Haida Gwaii","Lake sockeye","Sockeye",821,"Fairfax","data-deficient"
"Haida Gwaii","Lake sockeye","Sockeye",822,"Jalun","data-deficient"
"Haida Gwaii","Lake sockeye","Sockeye",823,"Marian/Eden","poor"
"Haida Gwaii","Lake sockeye","Sockeye",828,"Marie","data-deficient"
"Haida Gwaii","Lake sockeye","Sockeye",824,"Mathers","data-deficient"
"Haida Gwaii","Lake sockeye","Sockeye",825,"Mercer","good"
"Haida Gwaii","Lake sockeye","Sockeye",826,"Skidegate","good"
"Haida Gwaii","Lake sockeye","Sockeye",827,"Yakoun","poor"
"Haida Gwaii","Pink (even)","Pink",811,"East Haida Gwaii (even)","good"
"Haida Gwaii","Pink (even)","Pink",810,"North Haida Gwaii (even)","good"
"Haida Gwaii","Pink (even)","Pink",812,"West Haida Gwaii (even)","poor"
"Haida Gwaii","Pink (odd)","Pink",813,"East Haida Gwaii (odd)","good"
"Haida Gwaii","Pink (odd)","Pink",814,"North Haida Gwaii (odd)","data-deficient"
"Haida Gwaii","Pink (odd)","Pink",815,"West Haida Gwaii (odd)","data-deficient"
"Haida Gwaii","River sockeye","Sockeye",816,"East Haida Gwaii (river-type)","data-deficient"
"Haida Gwaii","River sockeye","Sockeye",817,"North Haida Gwaii (river-type)","data-deficient"
"Haida Gwaii","River sockeye","Sockeye",818,"West Haida Gwaii (river-type)","data-deficient"
"Haida Gwaii","Steelhead","Steelhead",880,"Haida Gwaii Winter","data-deficient"
"Columbia","Chinook","Chinook",301,"Okanagan","data-deficient"
"Columbia","Lake sockeye","Sockeye",1300,"Osoyoos","good"
"Columbia","Steelhead","Steelhead",1380,"Mid Columbia Summer","data-deficient"
"Yukon","Chinook","Chinook",1201,"Big Salmon","good"
"Yukon","Chinook","Chinook",1204,"Middle Yukon","good"
"Yukon","Chinook","Chinook",1202,"Nordenskiold","data-deficient"
"Yukon","Chinook","Chinook",1207,"Northern Yukon","good"
"Yukon","Chinook","Chinook",1210,"Old Crow","data-deficient"
"Yukon","Chinook","Chinook",1203,"Pelly","good"
"Yukon","Chinook","Chinook",1209,"Porcupine","data-deficient"
"Yukon","Chinook","Chinook",1208,"Salmon Fork","data-deficient"
"Yukon","Chinook","Chinook",1205,"Stewart","good"
"Yukon","Chinook","Chinook",1212,"Teslin","good"
"Yukon","Chinook","Chinook",1211,"Upper Yukon","good"
"Yukon","Chinook","Chinook",1206,"White","good"
"Yukon","Chum","Chum",1216,"Donjek Kluane","data-deficient"
"Yukon","Chum","Chum",1213,"Middle Yukon","data-deficient"
"Yukon","Chum","Chum",1214,"North Yukon","data-deficient"
"Yukon","Chum","Chum",1217,"Porcupine","data-deficient"
"Yukon","Chum","Chum",1218,"Stewart","data-deficient"
"Yukon","Chum","Chum",1219,"Teslin","data-deficient"
"Yukon","Chum","Chum",1215,"White","data-deficient"
"Yukon","Coho","Coho",1220,"Porcupine","data-deficient"
"Transboundary","Chinook","Chinook",1004,"Alsek","poor"
"Transboundary","Chinook","Chinook",1005,"Lynn Canal","data-deficient"
"Transboundary","Chinook","Chinook",1010,"Stikine-Early Timing","data-deficient"
"Transboundary","Chinook","Chinook",1011,"Stikine-Late Timing","data-deficient"
"Transboundary","Chinook","Chinook",1006,"Taku-Early Timing","data-deficient"
"Transboundary","Chinook","Chinook",1008,"Taku-Late Timing","data-deficient"
"Transboundary","Chinook","Chinook",1007,"Taku-Mid Timing","data-deficient"
"Transboundary","Chinook","Chinook",1012,"Unuk","data-deficient"
"Transboundary","Chinook","Chinook",1009,"Whiting","data-deficient"
"Transboundary","Chum","Chum",1032,"Lower Stikine","data-deficient"
"Transboundary","Chum","Chum",1000,"Lynn Canal","data-deficient"
"Transboundary","Chum","Chum",1001,"Taku","data-deficient"
"Transboundary","Chum","Chum",1003,"Unuk","data-deficient"
"Transboundary","Chum","Chum",1002,"Whiting","data-deficient"
"Transboundary","Coho","Coho",1013,"Alsek","data-deficient"
"Transboundary","Coho","Coho",1017,"Lower Stikine","data-deficient"
"Transboundary","Coho","Coho",1014,"Lynn Canal","data-deficient"
"Transboundary","Coho","Coho",1034,"Taku-Early Timing","data-deficient"
"Transboundary","Coho","Coho",1015,"Taku-Late Timing","data-deficient"
"Transboundary","Coho","Coho",1035,"Taku-Mid Timing","data-deficient"
"Transboundary","Coho","Coho",1018,"Unuk","data-deficient"
"Transboundary","Coho","Coho",1016,"Whiting","data-deficient"
"Transboundary","Lake sockeye","Sockeye",1031,"Blanchard","data-deficient"
"Transboundary","Lake sockeye","Sockeye",1024,"Border","data-deficient"
"Transboundary","Lake sockeye","Sockeye",1025,"Christina","data-deficient"
"Transboundary","Lake sockeye","Sockeye",1036,"Chutine","data-deficient"
"Transboundary","Lake sockeye","Sockeye",1033,"King Salmon","good"
"Transboundary","Lake sockeye","Sockeye",1038,"Klukshu","fair"
"Transboundary","Lake sockeye","Sockeye",1027,"Kuthai","poor"
"Transboundary","Lake sockeye","Sockeye",1028,"Little Trapper","fair"
"Transboundary","Lake sockeye","Sockeye",1039,"Nesketahin","poor"
"Transboundary","Lake sockeye","Sockeye",1026,"Tahltan","fair"
"Transboundary","Lake sockeye","Sockeye",1029,"Tatsamenie","good"
"Transboundary","Lake sockeye","Sockeye",1037,"Whiting","data-deficient"
"Transboundary","Pink (even)","Pink",1019,"Transboundary Fjords (even)","data-deficient"
"Transboundary","Pink (odd)","Pink",1020,"Transboundary Fjords (odd)","data-deficient"
"Transboundary","River sockeye","Sockeye",1021,"Alsek (river-type)","data-deficient"
"Transboundary","River sockeye","Sockeye",1022,"Chilkat (river-type)","data-deficient"
"Transboundary","River sockeye","Sockeye",1023,"Northern Transboundary Fjords (river-type)","data-deficient"
"Transboundary","Steelhead","Steelhead",1080,"Alsek Summer","data-deficient"
"Transboundary","Steelhead","Steelhead",1083,"Stikine Summer","data-deficient"
"Transboundary","Steelhead","Steelhead",1084,"Stikine Winter","data-deficient"
"Transboundary","Steelhead","Steelhead",1081,"Taku Summer","data-deficient"
"Transboundary","Steelhead","Steelhead",1082,"Taku Winter","data-deficient"
